[{"id":"4c7ed0e2.d4ddb","type":"tab","label":"流程1","disabled":false,"info":""},{"id":"7c08fc58.46ac34","type":"swagger-doc","z":"","summary":"","description":"","tags":"","consumes":"text/plain","produces":"text/plain","parameters":[{"name":"input","in":"body","required":false,"schema":{"type":"object"}}],"responses":{},"deprecated":false},{"id":"9195db88.ff0ac8","type":"http in","z":"4c7ed0e2.d4ddb","name":"","url":"/foo","method":"post","upload":false,"swaggerDoc":"7c08fc58.46ac34","x":220,"y":420,"wires":[["b725dacb.c69e88"]]},{"id":"b725dacb.c69e88","type":"http response","z":"4c7ed0e2.d4ddb","name":"","statusCode":"","headers":{},"x":370,"y":420,"wires":[]}]