{
  "id" : "b4f8b798.451fd8",
  "label" : "CheckState Manually",
  "info" : "",
  "nodes" : [ {
    "id" : "df0bf80d.ee0b9c",
    "type" : "debug",
    "z" : "b4f8b798.451fd8",
    "name" : "Display Current Light",
    "active" : true,
    "tosidebar" : true,
    "console" : false,
    "tostatus" : false,
    "complete" : "payload",
    "targetType" : "msg",
    "x" : 422.60003662109375,
    "y" : 187.1999969482422,
    "wires" : [ ]
  }, {
    "id" : "bf86055f.a35863",
    "type" : "rt send or invoke",
    "z" : "b4f8b798.451fd8",
    "name" : "",
    "outputs" : 1,
    "hasOut" : true,
    "commandSelect" : "invoke",
    "host" : "localhost",
    "port" : "9911",
    "rport" : "lightControl",
    "portIndex" : "",
    "data" : "",
    "priority" : "General",
    "incoming" : 0,
    "event" : "getActiveLight",
    "x" : 252.60000610351562,
    "y" : 121.59999084472656,
    "wires" : [ [ "df0bf80d.ee0b9c" ] ]
  }, {
    "id" : "e584b44c.2a33f6",
    "type" : "inject",
    "z" : "b4f8b798.451fd8",
    "name" : "",
    "topic" : "",
    "payload" : "",
    "payloadType" : "date",
    "repeat" : "",
    "crontab" : "",
    "once" : false,
    "onceDelay" : 0.1,
    "x" : 117,
    "y" : 59.199974060058594,
    "wires" : [ [ "bf86055f.a35863" ] ]
  }, {
    "id" : "c24ee3e2.f82008",
    "type" : "inject",
    "z" : "b4f8b798.451fd8",
    "name" : "",
    "topic" : "",
    "payload" : "",
    "payloadType" : "date",
    "repeat" : "",
    "crontab" : "",
    "once" : false,
    "onceDelay" : 0.1,
    "x" : 130,
    "y" : 420,
    "wires" : [ [ "bef6c096.f0c4" ] ]
  }, {
    "id" : "bef6c096.f0c4",
    "type" : "exec",
    "z" : "b4f8b798.451fd8",
    "command" : "curl -v -X POST -d \"{\\\"temperature\\\": 9}\" https://thingsboard.cloud/api/v1/IPmdsqrPJVcjv9TKZrst/telemetry --header \"Content-Type:application/json\" ",
    "addpay" : true,
    "append" : "",
    "useSpawn" : "false",
    "timer" : "60",
    "oldrc" : false,
    "name" : "",
    "x" : 670,
    "y" : 320,
    "wires" : [ [ ], [ ], [ ] ]
  }, {
    "id" : "f7ed5f5a.df50d",
    "type" : "inject",
    "z" : "b4f8b798.451fd8",
    "name" : "",
    "topic" : "",
    "payload" : "",
    "payloadType" : "date",
    "repeat" : "",
    "crontab" : "",
    "once" : false,
    "onceDelay" : 0.1,
    "x" : 130,
    "y" : 660,
    "wires" : [ [ "d3dda606.9f5258" ] ]
  }, {
    "id" : "d3dda606.9f5258",
    "type" : "exec",
    "z" : "b4f8b798.451fd8",
    "command" : "curl -v -X POST -d \"{\\\"temperature\\\": 996}\" https://thingsboard.cloud/api/v1/IPmdsqrPJVcjv9TKZrst/telemetry --header \"Content-Type:application/json\" ",
    "addpay" : true,
    "append" : "",
    "useSpawn" : "false",
    "timer" : "60",
    "oldrc" : false,
    "name" : "",
    "x" : 680,
    "y" : 560,
    "wires" : [ [ ], [ ], [ ] ]
  } ]
}