{
  "id" : "f09e9a0d.e5ac88",
  "label" : "End the Demo",
  "info" : "",
  "nodes" : [ {
    "id" : "ebdb7a0e.4da6ca",
    "type" : "inject",
    "z" : "f09e9a0d.e5ac88",
    "name" : "",
    "topic" : "#EndTheDemo",
    "payload" : "",
    "payloadType" : "str",
    "repeat" : "",
    "crontab" : "",
    "once" : false,
    "onceDelay" : 0.1,
    "x" : 153.3332977294922,
    "y" : 306.4000549316406,
    "wires" : [ [ "ef8d2681.00c517" ] ]
  }, {
    "id" : "ee8418d4.59804f",
    "type" : "http request",
    "z" : "f09e9a0d.e5ac88",
    "name" : "ToggleRed",
    "method" : "GET",
    "ret" : "txt",
    "paytoqs" : false,
    "url" : "http://localhost:1880/togglered",
    "tls" : "",
    "proxy" : "",
    "authType" : "",
    "x" : 577.7332153320312,
    "y" : 261.4567642211914,
    "wires" : [ [ "66fef670.66330a" ] ]
  }, {
    "id" : "ef8d2681.00c517",
    "type" : "counter-loop",
    "z" : "f09e9a0d.e5ac88",
    "name" : "Loop 10 times",
    "counter" : "il7e1b816e9ef074",
    "counterType" : "msg",
    "reset" : false,
    "resetValue" : "value-null",
    "initial" : 0,
    "initialType" : "num",
    "operator" : "lt",
    "termination" : "10",
    "terminationType" : "num",
    "increment" : 1,
    "incrementType" : "num",
    "x" : 487.73321533203125,
    "y" : 181.4567642211914,
    "wires" : [ [ "df2fcf88.8a4a18", "b45a9ae8.912185" ], [ "ee8418d4.59804f" ] ]
  }, {
    "id" : "66fef670.66330a",
    "type" : "delay",
    "z" : "f09e9a0d.e5ac88",
    "name" : "",
    "pauseType" : "delay",
    "timeout" : "100",
    "timeoutUnits" : "milliseconds",
    "rate" : "1",
    "nbRateUnits" : "1",
    "rateUnits" : "second",
    "randomFirst" : "1",
    "randomLast" : "5",
    "randomUnits" : "seconds",
    "drop" : false,
    "x" : 577.7332153320312,
    "y" : 321.4567642211914,
    "wires" : [ [ "d647ef7d.421d23" ] ]
  }, {
    "id" : "d647ef7d.421d23",
    "type" : "http request",
    "z" : "f09e9a0d.e5ac88",
    "name" : "ToggleYellow",
    "method" : "GET",
    "ret" : "txt",
    "paytoqs" : false,
    "url" : "http://localhost:1880/toggleyellow",
    "tls" : "",
    "proxy" : "",
    "authType" : "",
    "x" : 587.7332153320312,
    "y" : 381.4567642211914,
    "wires" : [ [ "e7662510.b4eb55" ] ]
  }, {
    "id" : "e7662510.b4eb55",
    "type" : "delay",
    "z" : "f09e9a0d.e5ac88",
    "name" : "",
    "pauseType" : "delay",
    "timeout" : "100",
    "timeoutUnits" : "milliseconds",
    "rate" : "1",
    "nbRateUnits" : "1",
    "rateUnits" : "second",
    "randomFirst" : "1",
    "randomLast" : "5",
    "randomUnits" : "seconds",
    "drop" : false,
    "x" : 577.7332153320312,
    "y" : 441.4567642211914,
    "wires" : [ [ "cb206682.58c1c9" ] ]
  }, {
    "id" : "cb206682.58c1c9",
    "type" : "http request",
    "z" : "f09e9a0d.e5ac88",
    "name" : "ToggleGreen",
    "method" : "GET",
    "ret" : "txt",
    "paytoqs" : false,
    "url" : "http://localhost:1880/togglegreen",
    "tls" : "",
    "proxy" : "",
    "authType" : "",
    "x" : 577.7332153320312,
    "y" : 501.4567642211914,
    "wires" : [ [ "e6272e93.01aa77" ] ]
  }, {
    "id" : "e6272e93.01aa77",
    "type" : "delay",
    "z" : "f09e9a0d.e5ac88",
    "name" : "",
    "pauseType" : "delay",
    "timeout" : "100",
    "timeoutUnits" : "milliseconds",
    "rate" : "1",
    "nbRateUnits" : "1",
    "rateUnits" : "second",
    "randomFirst" : "1",
    "randomLast" : "5",
    "randomUnits" : "seconds",
    "drop" : false,
    "x" : 577.7332153320312,
    "y" : 561.4567642211914,
    "wires" : [ [ "ef8d2681.00c517" ] ]
  }, {
    "id" : "b45a9ae8.912185",
    "type" : "http request",
    "z" : "f09e9a0d.e5ac88",
    "name" : "Turn All Lights Off",
    "method" : "GET",
    "ret" : "txt",
    "paytoqs" : false,
    "url" : "http://Models2019_Pi:1880/AllOff",
    "tls" : "",
    "proxy" : "",
    "authType" : "",
    "x" : 784.36181640625,
    "y" : 175.17098999023438,
    "wires" : [ [ ] ]
  }, {
    "id" : "df2fcf88.8a4a18",
    "type" : "function",
    "z" : "f09e9a0d.e5ac88",
    "name" : "Configure Tweet - End the Demo",
    "func" : "var d = Date(Date.now());\na = d.toString();\nmsg.payload = \"This demo ended: \" + a;\nreturn msg;",
    "outputs" : 1,
    "noerr" : 2,
    "x" : 802.018798828125,
    "y" : 68.8853530883789,
    "wires" : [ [ "dbb2c8fb.9d3567" ] ]
  }, {
    "id" : "dbb2c8fb.9d3567",
    "type" : "twitter out",
    "z" : "f09e9a0d.e5ac88",
    "twitter" : "",
    "name" : "Tweet",
    "x" : 1054.51806640625,
    "y" : 67.99999237060547,
    "wires" : [ ]
  }, {
    "id" : "eed0eedb.d5aa7e",
    "type" : "switch",
    "z" : "f09e9a0d.e5ac88",
    "name" : "",
    "property" : "payload",
    "propertyType" : "msg",
    "rules" : [ {
      "t" : "cont",
      "v" : "#EndTheDemo",
      "vt" : "str"
    } ],
    "checkall" : "false",
    "repair" : false,
    "outputs" : 1,
    "x" : 252.39991760253906,
    "y" : 57.86663818359375,
    "wires" : [ [ "ef8d2681.00c517" ] ]
  }, {
    "id" : "c2ebacac.8aed87",
    "type" : "twitter in",
    "z" : "f09e9a0d.e5ac88",
    "twitter" : "",
    "tags" : "#EndTheDemo",
    "user" : "false",
    "name" : "",
    "inputs" : 0,
    "x" : 89.19992065429688,
    "y" : 58.66661834716797,
    "wires" : [ [ "eed0eedb.d5aa7e" ] ]
  } ]
}