{
  "id" : "600815a3.b8907c",
  "label" : "Fake Pi",
  "info" : "",
  "nodes" : [ {
    "id" : "ee02c828.10cf95",
    "type" : "http in",
    "z" : "600815a3.b8907c",
    "name" : "",
    "url" : "/GreenOn",
    "method" : "get",
    "upload" : false,
    "swaggerDoc" : "",
    "x" : 138.29998779296875,
    "y" : 186.19000244140625,
    "wires" : [ [ "ca624b6b.aa2bdd" ] ]
  }, {
    "id" : "ca624b6b.aa2bdd",
    "type" : "http response",
    "z" : "600815a3.b8907c",
    "name" : "",
    "statusCode" : "",
    "headers" : { },
    "x" : 443.49005126953125,
    "y" : 112.22001647949219,
    "wires" : [ ]
  }, {
    "id" : "e2f57c78.0927fa",
    "type" : "http in",
    "z" : "600815a3.b8907c",
    "name" : "",
    "url" : "/YellowOn",
    "method" : "get",
    "upload" : false,
    "swaggerDoc" : "",
    "x" : 136,
    "y" : 109.60000610351562,
    "wires" : [ [ "ca624b6b.aa2bdd" ] ]
  }, {
    "id" : "dd26a263.d12e26",
    "type" : "http in",
    "z" : "600815a3.b8907c",
    "name" : "",
    "url" : "/RedOn",
    "method" : "get",
    "upload" : false,
    "swaggerDoc" : "",
    "x" : 130,
    "y" : 29.599990844726562,
    "wires" : [ [ "ca624b6b.aa2bdd" ] ]
  }, {
    "id" : "e9a83436.f10933",
    "type" : "http in",
    "z" : "600815a3.b8907c",
    "name" : "",
    "url" : "/AllOff",
    "method" : "get",
    "upload" : false,
    "swaggerDoc" : "",
    "x" : 121.99996948242188,
    "y" : 263.9999694824219,
    "wires" : [ [ "ca624b6b.aa2bdd" ] ]
  } ]
}