{
  "id" : "cdabf3b9.e8751",
  "label" : "From RTist",
  "info" : "",
  "nodes" : [ {
    "id" : "e94deb5e.66b21c",
    "type" : "debug",
    "z" : "cdabf3b9.e8751",
    "name" : "LogError",
    "active" : true,
    "tosidebar" : true,
    "console" : false,
    "tostatus" : false,
    "complete" : "payload",
    "targetType" : "msg",
    "x" : 328.4000244140625,
    "y" : 25.400009155273438,
    "wires" : [ ]
  }, {
    "id" : "c09e6149.902b57",
    "type" : "function",
    "z" : "cdabf3b9.e8751",
    "name" : "invalidTransition",
    "func" : "//return {payload : \"{}\"} /* empty TCP response */;\nmsg.payload = '{}';\nreturn msg;",
    "outputs" : 1,
    "noerr" : 2,
    "x" : 587.8287353515625,
    "y" : 76.6856918334961,
    "wires" : [ [ "df1b13ed.ed0486" ] ]
  }, {
    "id" : "e1da5b73.36c2a0",
    "type" : "json",
    "z" : "cdabf3b9.e8751",
    "name" : "",
    "property" : "payload",
    "action" : "",
    "pretty" : false,
    "x" : 254.39999389648438,
    "y" : 114.40000915527344,
    "wires" : [ [ "d39fd218.b91728" ] ]
  }, {
    "id" : "d39fd218.b91728",
    "type" : "switch",
    "z" : "cdabf3b9.e8751",
    "name" : "",
    "property" : "payload.event",
    "propertyType" : "msg",
    "rules" : [ {
      "t" : "eq",
      "v" : "invalidTransition",
      "vt" : "str"
    }, {
      "t" : "eq",
      "v" : "getDurationOfInactivity",
      "vt" : "str"
    }, {
      "t" : "eq",
      "v" : "lightChanged",
      "vt" : "str"
    } ],
    "checkall" : "true",
    "repair" : false,
    "outputs" : 3,
    "x" : 394.3999938964844,
    "y" : 114.40000915527344,
    "wires" : [ [ "c09e6149.902b57", "e4221eee.9c8591", "e94deb5e.66b21c" ], [ "e763e102.950914" ], [ "c11bb083.97f71b" ] ]
  }, {
    "id" : "e763e102.950914",
    "type" : "function",
    "z" : "cdabf3b9.e8751",
    "name" : "setDurationOfInactivity",
    "func" : "msg.payload = '{\"command\" : \"reply\", \"port\" : \"lightControl\", \"event\" : \"durationOfInactivityReply\", \"data\" : \"int 3\"}';\nreturn msg;",
    "outputs" : 1,
    "noerr" : 2,
    "x" : 604.3999938964844,
    "y" : 134.40000915527344,
    "wires" : [ [ "df1b13ed.ed0486" ] ]
  }, {
    "id" : "dd77fa81.3a0345",
    "type" : "rt receive",
    "z" : "cdabf3b9.e8751",
    "name" : "",
    "port" : "9922",
    "x" : 94.39999389648438,
    "y" : 74.40000915527344,
    "wires" : [ [ "e1da5b73.36c2a0" ] ]
  }, {
    "id" : "df1b13ed.ed0486",
    "type" : "rt reply",
    "z" : "cdabf3b9.e8751",
    "name" : "",
    "port" : "",
    "x" : 849.0666198730469,
    "y" : 134.4000244140625,
    "wires" : [ ]
  }, {
    "id" : "c11bb083.97f71b",
    "type" : "function",
    "z" : "cdabf3b9.e8751",
    "name" : "lightChanged",
    "func" : "//return {payload : \"{}\"} /* empty TCP response */;\nlet str = \"Light changed: \" + msg.payload.data.match(/\".*?\"/)[0];\nmsg.payload = '{}';\nreturn [msg, {\"payload\" : str}];",
    "outputs" : 2,
    "noerr" : 2,
    "x" : 574.3999938964844,
    "y" : 194.40000915527344,
    "wires" : [ [ "df1b13ed.ed0486" ], [ "e6aa0c82.ed6913" ] ]
  }, {
    "id" : "e6aa0c82.ed6913",
    "type" : "switch",
    "z" : "cdabf3b9.e8751",
    "name" : "Current Color",
    "property" : "payload",
    "propertyType" : "msg",
    "rules" : [ {
      "t" : "cont",
      "v" : "Red",
      "vt" : "str"
    }, {
      "t" : "cont",
      "v" : "Yellow",
      "vt" : "str"
    }, {
      "t" : "cont",
      "v" : "Green",
      "vt" : "str"
    }, {
      "t" : "cont",
      "v" : "None",
      "vt" : "str"
    } ],
    "checkall" : "true",
    "repair" : false,
    "outputs" : 4,
    "x" : 340.97161865234375,
    "y" : 378.68570709228516,
    "wires" : [ [ "ec745c3d.d1e977" ], [ "e8f6ff2b.565737" ], [ "df95ad27.1c79c1" ], [ "ef33594b.b03a15" ] ]
  }, {
    "id" : "ec745c3d.d1e977",
    "type" : "http request",
    "z" : "cdabf3b9.e8751",
    "name" : "RedLightOn",
    "method" : "GET",
    "ret" : "txt",
    "paytoqs" : false,
    "url" : "localhost:1880/RedOn",
    "tls" : "",
    "proxy" : "",
    "authType" : "",
    "x" : 533.3717346191406,
    "y" : 313.8856964111328,
    "wires" : [ [ "e15e9465.5c7a08" ] ]
  }, {
    "id" : "e8f6ff2b.565737",
    "type" : "http request",
    "z" : "cdabf3b9.e8751",
    "name" : "YellowLightOn",
    "method" : "GET",
    "ret" : "txt",
    "paytoqs" : false,
    "url" : "localhost:1880/YellowOn",
    "tls" : "",
    "proxy" : "",
    "authType" : "",
    "x" : 541.3558959960938,
    "y" : 358.5714111328125,
    "wires" : [ [ "da39614d.090ea1" ] ]
  }, {
    "id" : "df95ad27.1c79c1",
    "type" : "http request",
    "z" : "cdabf3b9.e8751",
    "name" : "GreenLightOn",
    "method" : "GET",
    "ret" : "txt",
    "paytoqs" : false,
    "url" : "localhost:1880/GreenOn",
    "tls" : "",
    "proxy" : "",
    "authType" : "",
    "x" : 542.0987548828125,
    "y" : 400.17144775390625,
    "wires" : [ [ "c9d2a0c6.ffacb3" ] ]
  }, {
    "id" : "e15e9465.5c7a08",
    "type" : "function",
    "z" : "cdabf3b9.e8751",
    "name" : "Configure Tweet - Red",
    "func" : "var d = Date(Date.now());\na = d.toString();\nmsg.payload = \"The light went Red at \" + a;\nreturn msg;",
    "outputs" : 1,
    "noerr" : 2,
    "x" : 751.6861267089844,
    "y" : 314.6571350097656,
    "wires" : [ [ "e0f9604a.f93a23" ] ]
  }, {
    "id" : "da39614d.090ea1",
    "type" : "function",
    "z" : "cdabf3b9.e8751",
    "name" : "Configure Tweet - Yellow",
    "func" : "var d = Date(Date.now());\na = d.toString();\nmsg.payload = \"The light went Yellow at \" + a;\nreturn msg;",
    "outputs" : 1,
    "noerr" : 2,
    "x" : 763.9715270996094,
    "y" : 358.08575439453125,
    "wires" : [ [ "e0f9604a.f93a23" ] ]
  }, {
    "id" : "c9d2a0c6.ffacb3",
    "type" : "function",
    "z" : "cdabf3b9.e8751",
    "name" : "Configure Tweet - Green",
    "func" : "var d = Date(Date.now());\na = d.toString();\nmsg.payload = \"The light went Green at  \" + a;\nreturn msg;",
    "outputs" : 1,
    "noerr" : 2,
    "x" : 763.9715270996094,
    "y" : 400.3714294433594,
    "wires" : [ [ "e0f9604a.f93a23" ] ]
  }, {
    "id" : "e0f9604a.f93a23",
    "type" : "twitter out",
    "z" : "cdabf3b9.e8751",
    "twitter" : "",
    "name" : "Tweet",
    "x" : 1082.4927978515625,
    "y" : 148.0290069580078,
    "wires" : [ ]
  }, {
    "id" : "e4221eee.9c8591",
    "type" : "function",
    "z" : "cdabf3b9.e8751",
    "name" : "Invalid State Change",
    "func" : "var d = Date(Date.now());\na = d.toString();\nmsg.payload = \"Invalid state change requested: \" + a;\nreturn msg;",
    "outputs" : 1,
    "noerr" : 2,
    "x" : 609.0000610351562,
    "y" : 25,
    "wires" : [ [ "e0f9604a.f93a23" ] ]
  }, {
    "id" : "ef33594b.b03a15",
    "type" : "http request",
    "z" : "cdabf3b9.e8751",
    "name" : "Turn All Off",
    "method" : "GET",
    "ret" : "txt",
    "paytoqs" : false,
    "url" : "http://localhost:1880/AllOff",
    "tls" : "",
    "proxy" : "",
    "authType" : "",
    "x" : 533.1430053710938,
    "y" : 446.4287414550781,
    "wires" : [ [ "ebc6aa1b.058b4c" ] ]
  }, {
    "id" : "ebc6aa1b.058b4c",
    "type" : "function",
    "z" : "cdabf3b9.e8751",
    "name" : "Configure Tweet - Off",
    "func" : "var d = Date(Date.now());\na = d.toString();\nmsg.payload = \"The light went off at  \" + a;\nreturn msg;",
    "outputs" : 1,
    "noerr" : 2,
    "x" : 752.2857666015625,
    "y" : 445.7142639160156,
    "wires" : [ [ "e0f9604a.f93a23" ] ]
  } ]
}