{
  "swagger" : "2.0",
  "info" : {
    "title" : "My Node-RED API",
    "version" : "0.0.1"
  },
  "basePath" : "/",
  "paths" : {
    "/GreenOn" : {
      "get" : {
        "summary" : "get /GreenOn",
        "responses" : {
          "default" : {
            "description" : ""
          }
        },
        "description" : "",
        "tags" : [ ],
        "consumes" : [ ],
        "produces" : [ ],
        "parameters" : [ ]
      }
    },
    "/YellowOn" : {
      "get" : {
        "summary" : "get /YellowOn",
        "responses" : {
          "default" : {
            "description" : ""
          }
        },
        "description" : "",
        "tags" : [ ],
        "consumes" : [ ],
        "produces" : [ ],
        "parameters" : [ ]
      }
    },
    "/RedOn" : {
      "get" : {
        "summary" : "get /RedOn",
        "responses" : {
          "default" : {
            "description" : ""
          }
        },
        "description" : "",
        "tags" : [ ],
        "consumes" : [ ],
        "produces" : [ ],
        "parameters" : [ ]
      }
    },
    "/checkstate" : {
      "get" : {
        "summary" : "CheckState",
        "responses" : {
          "default" : {
            "description" : ""
          }
        },
        "description" : "",
        "tags" : [ ],
        "consumes" : [ ],
        "produces" : [ ],
        "parameters" : [ ]
      }
    },
    "/togglered" : {
      "get" : {
        "summary" : "get /togglered",
        "responses" : {
          "default" : {
            "description" : ""
          }
        },
        "description" : "",
        "tags" : [ ],
        "consumes" : [ ],
        "produces" : [ ],
        "parameters" : [ ]
      }
    },
    "/toggleyellow" : {
      "get" : {
        "summary" : "get /toggleyellow",
        "responses" : {
          "default" : {
            "description" : ""
          }
        },
        "description" : "",
        "tags" : [ ],
        "consumes" : [ ],
        "produces" : [ ],
        "parameters" : [ ]
      }
    },
    "/togglegreen" : {
      "get" : {
        "summary" : "get /togglegreen",
        "responses" : {
          "default" : {
            "description" : ""
          }
        },
        "description" : "",
        "tags" : [ ],
        "consumes" : [ ],
        "produces" : [ ],
        "parameters" : [ ]
      }
    },
    "/AllOff" : {
      "get" : {
        "summary" : "get /AllOff",
        "responses" : {
          "default" : {
            "description" : ""
          }
        },
        "description" : "",
        "tags" : [ ],
        "consumes" : [ ],
        "produces" : [ ],
        "parameters" : [ ]
      }
    }
  }
}