{
  "id" : "3bef181f.9f5c18",
  "label" : "To RTist",
  "info" : "",
  "nodes" : [ {
    "id" : "967f3948.ef6fa7",
    "type" : "switch",
    "z" : "3bef181f.9f5c18",
    "name" : "",
    "property" : "payload",
    "propertyType" : "msg",
    "rules" : [ {
      "t" : "cont",
      "v" : "#RedOn",
      "vt" : "str"
    }, {
      "t" : "cont",
      "v" : "#YellowOn",
      "vt" : "str"
    }, {
      "t" : "cont",
      "v" : "#GreenOn",
      "vt" : "str"
    } ],
    "checkall" : "false",
    "repair" : false,
    "outputs" : 3,
    "x" : 223.79998779296875,
    "y" : 348.00016021728516,
    "wires" : [ [ "c776f994.2233ca" ], [ "de45eab4.448795" ], [ "d062e314.6e8ab7" ] ]
  }, {
    "id" : "dd01810b.c5d35f",
    "type" : "twitter in",
    "z" : "3bef181f.9f5c18",
    "twitter" : "",
    "tags" : "#RedOn,#YellowOn,#GreenOn",
    "user" : "false",
    "name" : "",
    "inputs" : 0,
    "x" : 58.314300537109375,
    "y" : 347.6572265625,
    "wires" : [ [ "967f3948.ef6fa7" ] ]
  }, {
    "id" : "c776f994.2233ca",
    "type" : "function",
    "z" : "3bef181f.9f5c18",
    "name" : "EventRed",
    "func" : "msg.payload = \"{\\\"event\\\" : \\\"red\\\"}\";\nreturn msg;",
    "outputs" : 1,
    "noerr" : 2,
    "x" : 431.8899688720703,
    "y" : 139.8101043701172,
    "wires" : [ [ "95fd2b08.38c6f5" ] ]
  }, {
    "id" : "95fd2b08.38c6f5",
    "type" : "rt send or invoke",
    "z" : "3bef181f.9f5c18",
    "name" : "",
    "outputs" : 1,
    "hasOut" : true,
    "commandSelect" : "send",
    "host" : "localhost",
    "port" : "9911",
    "rport" : "lightControl",
    "portIndex" : "",
    "data" : "",
    "priority" : "General",
    "incoming" : 0,
    "event" : "",
    "x" : 644.0000152587891,
    "y" : 204.60015869140625,
    "wires" : [ [ "eb55f8d4.b4df70" ] ]
  }, {
    "id" : "eb55f8d4.b4df70",
    "type" : "switch",
    "z" : "3bef181f.9f5c18",
    "name" : "Validate RTist Request",
    "property" : "payload",
    "propertyType" : "msg",
    "rules" : [ {
      "t" : "cont",
      "v" : "ok",
      "vt" : "str"
    }, {
      "t" : "else"
    } ],
    "checkall" : "true",
    "repair" : false,
    "outputs" : 2,
    "x" : 505.93360900878906,
    "y" : 353.2096252441406,
    "wires" : [ [ "db31b093.3586bb" ], [ "c338eb34.00c591", "d69ab68a.2ae629" ] ]
  }, {
    "id" : "c338eb34.00c591",
    "type" : "function",
    "z" : "3bef181f.9f5c18",
    "name" : "Invalid State Change",
    "func" : "var d = Date(Date.now());\na = d.toString();\nmsg.payload = \"Invalid state change requested: \" + a;\nreturn msg;",
    "outputs" : 1,
    "noerr" : 2,
    "x" : 778.3144073486328,
    "y" : 472.48583984375,
    "wires" : [ [ "d77d2ad1.ec2897", "db31b093.3586bb" ] ]
  }, {
    "id" : "db31b093.3586bb",
    "type" : "http response",
    "z" : "3bef181f.9f5c18",
    "name" : "HTTPResponse",
    "statusCode" : "",
    "headers" : { },
    "x" : 958.1845245361328,
    "y" : 347.343017578125,
    "wires" : [ ]
  }, {
    "id" : "d77d2ad1.ec2897",
    "type" : "twitter out",
    "z" : "3bef181f.9f5c18",
    "twitter" : "",
    "name" : "Tweet",
    "x" : 989.3847198486328,
    "y" : 472.943359375,
    "wires" : [ ]
  }, {
    "id" : "de45eab4.448795",
    "type" : "function",
    "z" : "3bef181f.9f5c18",
    "name" : "EventYellow",
    "func" : "msg.payload = \"{\\\"event\\\" : \\\"yellow\\\"}\";\nreturn msg;",
    "outputs" : 1,
    "noerr" : 2,
    "x" : 437.7999725341797,
    "y" : 201.36009979248047,
    "wires" : [ [ "95fd2b08.38c6f5" ] ]
  }, {
    "id" : "d062e314.6e8ab7",
    "type" : "function",
    "z" : "3bef181f.9f5c18",
    "name" : "EventGreen",
    "func" : "msg.payload = \"{\\\"event\\\" : \\\"green\\\"}\";\nreturn msg;",
    "outputs" : 1,
    "noerr" : 2,
    "x" : 434.3714294433594,
    "y" : 262.38861083984375,
    "wires" : [ [ "95fd2b08.38c6f5" ] ]
  }, {
    "id" : "e4dfcf99.6aaeac",
    "type" : "http in",
    "z" : "3bef181f.9f5c18",
    "name" : "",
    "url" : "/togglered",
    "method" : "get",
    "upload" : false,
    "swaggerDoc" : "",
    "x" : 87.49992370605469,
    "y" : 140.2501449584961,
    "wires" : [ [ "c776f994.2233ca" ] ]
  }, {
    "id" : "da146603.344d24",
    "type" : "http in",
    "z" : "3bef181f.9f5c18",
    "name" : "",
    "url" : "/toggleyellow",
    "method" : "get",
    "upload" : false,
    "swaggerDoc" : "",
    "x" : 95,
    "y" : 202.60009765625,
    "wires" : [ [ "de45eab4.448795" ] ]
  }, {
    "id" : "d1dcd5ce.03a246",
    "type" : "http in",
    "z" : "3bef181f.9f5c18",
    "name" : "",
    "url" : "/togglegreen",
    "method" : "get",
    "upload" : false,
    "swaggerDoc" : "",
    "x" : 86.19996643066406,
    "y" : 263.80010986328125,
    "wires" : [ [ "d062e314.6e8ab7" ] ]
  }, {
    "id" : "d69ab68a.2ae629",
    "type" : "debug",
    "z" : "3bef181f.9f5c18",
    "name" : "LogError",
    "active" : true,
    "tosidebar" : true,
    "console" : false,
    "tostatus" : false,
    "complete" : "payload",
    "targetType" : "msg",
    "x" : 740.3714752197266,
    "y" : 411.0001525878906,
    "wires" : [ ]
  }, {
    "id" : "ee4aa5a8.210473",
    "type" : "inject",
    "z" : "3bef181f.9f5c18",
    "name" : "Pause",
    "topic" : "",
    "payload" : "{\"event\" : \"deactivateLight\"}",
    "payloadType" : "str",
    "repeat" : "",
    "crontab" : "",
    "once" : false,
    "onceDelay" : 0.1,
    "x" : 427.7001037597656,
    "y" : 74.41437530517578,
    "wires" : [ [ "95fd2b08.38c6f5" ] ]
  } ]
}