{
  "id" : "8e9f1de7.a105b",
  "label" : "CheckState API",
  "info" : "",
  "nodes" : [ {
    "id" : "e8ff1fce.092d18",
    "type" : "rt send or invoke",
    "z" : "8e9f1de7.a105b",
    "name" : "GetActiveLightOK",
    "outputs" : 1,
    "hasOut" : true,
    "commandSelect" : "invoke",
    "host" : "localhost",
    "port" : "9911",
    "rport" : "lightControl",
    "portIndex" : "",
    "data" : "",
    "priority" : "General",
    "incoming" : 0,
    "event" : "getActiveLight",
    "x" : 330,
    "y" : 180,
    "wires" : [ [ "c55fdda3.e4a1b6" ] ]
  }, {
    "id" : "c55fdda3.e4a1b6",
    "type" : "http response",
    "z" : "8e9f1de7.a105b",
    "name" : "",
    "statusCode" : "",
    "headers" : { },
    "x" : 650,
    "y" : 260,
    "wires" : [ ]
  }, {
    "id" : "d32e6b26.5ef4b3",
    "type" : "http in",
    "z" : "8e9f1de7.a105b",
    "name" : "CheckState",
    "url" : "/checkstate",
    "method" : "get",
    "upload" : false,
    "swaggerDoc" : "",
    "x" : 130,
    "y" : 120,
    "wires" : [ [ "e8ff1fce.092d18" ] ]
  } ]
}