{
  "id" : "e5b4104c.2ac6b",
  "label" : "End the Demo",
  "info" : "",
  "nodes" : [ {
    "id" : "b18f67ee.e0d0f8",
    "type" : "inject",
    "z" : "e5b4104c.2ac6b",
    "name" : "",
    "topic" : "#EndTheDemo",
    "payload" : "",
    "payloadType" : "str",
    "repeat" : "",
    "crontab" : "",
    "once" : false,
    "onceDelay" : 0.1,
    "x" : 153.3332977294922,
    "y" : 306.4000549316406,
    "wires" : [ [ "d9829e14.0b3148" ] ]
  }, {
    "id" : "f914bf3e.3cf178",
    "type" : "http request",
    "z" : "e5b4104c.2ac6b",
    "name" : "ToggleRed",
    "method" : "GET",
    "ret" : "txt",
    "paytoqs" : false,
    "url" : "http://localhost:1880/togglered",
    "tls" : "",
    "proxy" : "",
    "authType" : "",
    "x" : 577.7332153320312,
    "y" : 261.4567642211914,
    "wires" : [ [ "8d0f4e4.5d6cd7" ] ]
  }, {
    "id" : "d9829e14.0b3148",
    "type" : "counter-loop",
    "z" : "e5b4104c.2ac6b",
    "name" : "Loop 10 times",
    "counter" : "il7e1b816e9ef074",
    "counterType" : "msg",
    "reset" : false,
    "resetValue" : "value-null",
    "initial" : 0,
    "initialType" : "num",
    "operator" : "lt",
    "termination" : "10",
    "terminationType" : "num",
    "increment" : 1,
    "incrementType" : "num",
    "x" : 487.73321533203125,
    "y" : 181.4567642211914,
    "wires" : [ [ "76b86a26.fb2ec8" ], [ "f914bf3e.3cf178" ] ]
  }, {
    "id" : "8d0f4e4.5d6cd7",
    "type" : "delay",
    "z" : "e5b4104c.2ac6b",
    "name" : "",
    "pauseType" : "delay",
    "timeout" : "100",
    "timeoutUnits" : "milliseconds",
    "rate" : "1",
    "nbRateUnits" : "1",
    "rateUnits" : "second",
    "randomFirst" : "1",
    "randomLast" : "5",
    "randomUnits" : "seconds",
    "drop" : false,
    "x" : 577.7332153320312,
    "y" : 321.4567642211914,
    "wires" : [ [ "8b9b737.4265b5" ] ]
  }, {
    "id" : "8b9b737.4265b5",
    "type" : "http request",
    "z" : "e5b4104c.2ac6b",
    "name" : "ToggleYellow",
    "method" : "GET",
    "ret" : "txt",
    "paytoqs" : false,
    "url" : "http://localhost:1880/toggleyellow",
    "tls" : "",
    "proxy" : "",
    "authType" : "",
    "x" : 587.7332153320312,
    "y" : 381.4567642211914,
    "wires" : [ [ "50a4299f.6a2874" ] ]
  }, {
    "id" : "50a4299f.6a2874",
    "type" : "delay",
    "z" : "e5b4104c.2ac6b",
    "name" : "",
    "pauseType" : "delay",
    "timeout" : "100",
    "timeoutUnits" : "milliseconds",
    "rate" : "1",
    "nbRateUnits" : "1",
    "rateUnits" : "second",
    "randomFirst" : "1",
    "randomLast" : "5",
    "randomUnits" : "seconds",
    "drop" : false,
    "x" : 577.7332153320312,
    "y" : 441.4567642211914,
    "wires" : [ [ "99641217.9be1c" ] ]
  }, {
    "id" : "99641217.9be1c",
    "type" : "http request",
    "z" : "e5b4104c.2ac6b",
    "name" : "ToggleGreen",
    "method" : "GET",
    "ret" : "txt",
    "paytoqs" : false,
    "url" : "http://localhost:1880/togglegreen",
    "tls" : "",
    "proxy" : "",
    "authType" : "",
    "x" : 577.7332153320312,
    "y" : 501.4567642211914,
    "wires" : [ [ "c18bb10a.87315" ] ]
  }, {
    "id" : "c18bb10a.87315",
    "type" : "delay",
    "z" : "e5b4104c.2ac6b",
    "name" : "",
    "pauseType" : "delay",
    "timeout" : "100",
    "timeoutUnits" : "milliseconds",
    "rate" : "1",
    "nbRateUnits" : "1",
    "rateUnits" : "second",
    "randomFirst" : "1",
    "randomLast" : "5",
    "randomUnits" : "seconds",
    "drop" : false,
    "x" : 577.7332153320312,
    "y" : 561.4567642211914,
    "wires" : [ [ "d9829e14.0b3148" ] ]
  }, {
    "id" : "76b86a26.fb2ec8",
    "type" : "http request",
    "z" : "e5b4104c.2ac6b",
    "name" : "Turn All Lights Off",
    "method" : "GET",
    "ret" : "txt",
    "paytoqs" : false,
    "url" : "http://Models2019_Pi:1880/AllOff",
    "tls" : "",
    "proxy" : "",
    "authType" : "",
    "x" : 784.36181640625,
    "y" : 175.17098999023438,
    "wires" : [ [ ] ]
  }, {
    "id" : "4619938b.d225b",
    "type" : "switch",
    "z" : "e5b4104c.2ac6b",
    "name" : "",
    "property" : "payload",
    "propertyType" : "msg",
    "rules" : [ {
      "t" : "cont",
      "v" : "#EndTheDemo",
      "vt" : "str"
    } ],
    "checkall" : "false",
    "repair" : false,
    "outputs" : 1,
    "x" : 252.39991760253906,
    "y" : 57.86663818359375,
    "wires" : [ [ "d9829e14.0b3148" ] ]
  }, {
    "id" : "faa4f193.21e4c",
    "type" : "twitter in",
    "z" : "e5b4104c.2ac6b",
    "twitter" : "",
    "tags" : "#EndTheDemo",
    "user" : "false",
    "name" : "",
    "inputs" : 0,
    "x" : 89.19992065429688,
    "y" : 58.66661834716797,
    "wires" : [ [ "4619938b.d225b" ] ]
  } ]
}