{
  "id" : "f478ca85.a40518",
  "label" : "Fake Pi",
  "info" : "",
  "nodes" : [ {
    "id" : "7a9cd2f6.a4dbb",
    "type" : "http in",
    "z" : "f478ca85.a40518",
    "name" : "",
    "url" : "/GreenOn",
    "method" : "get",
    "upload" : false,
    "swaggerDoc" : "",
    "x" : 138.29998779296875,
    "y" : 186.19000244140625,
    "wires" : [ [ "bbaa2c79.b57c6" ] ]
  }, {
    "id" : "bbaa2c79.b57c6",
    "type" : "http response",
    "z" : "f478ca85.a40518",
    "name" : "",
    "statusCode" : "",
    "headers" : { },
    "x" : 443.49005126953125,
    "y" : 112.22001647949219,
    "wires" : [ ]
  }, {
    "id" : "19f0a1e5.b32aa6",
    "type" : "http in",
    "z" : "f478ca85.a40518",
    "name" : "",
    "url" : "/YellowOn",
    "method" : "get",
    "upload" : false,
    "swaggerDoc" : "",
    "x" : 136,
    "y" : 109.60000610351562,
    "wires" : [ [ "bbaa2c79.b57c6" ] ]
  }, {
    "id" : "aebc1656.67ec58",
    "type" : "http in",
    "z" : "f478ca85.a40518",
    "name" : "",
    "url" : "/RedOn",
    "method" : "get",
    "upload" : false,
    "swaggerDoc" : "",
    "x" : 130,
    "y" : 29.599990844726562,
    "wires" : [ [ "bbaa2c79.b57c6" ] ]
  }, {
    "id" : "b01c54d1.ae5ce8",
    "type" : "http in",
    "z" : "f478ca85.a40518",
    "name" : "",
    "url" : "/AllOff",
    "method" : "get",
    "upload" : false,
    "swaggerDoc" : "",
    "x" : 121.99996948242188,
    "y" : 263.9999694824219,
    "wires" : [ [ "bbaa2c79.b57c6" ] ]
  } ]
}