{
  "id" : "de7ba7eb.00d1c",
  "label" : "From RTist",
  "info" : "",
  "nodes" : [ {
    "id" : "220575e5.e7ad9e",
    "type" : "json",
    "z" : "de7ba7eb.00d1c",
    "name" : "",
    "property" : "payload",
    "action" : "",
    "pretty" : false,
    "x" : 190.39999389648438,
    "y" : 132.1800079345703,
    "wires" : [ [ "38328869.e49aa4", "ffae043a.e439c8" ] ]
  }, {
    "id" : "2c199518.4cd50e",
    "type" : "rt receive",
    "z" : "de7ba7eb.00d1c",
    "name" : "",
    "port" : "9922",
    "x" : 77.50997924804688,
    "y" : 72.62001037597656,
    "wires" : [ [ "220575e5.e7ad9e" ] ]
  }, {
    "id" : "bee4dd0d.c07dd",
    "type" : "rt reply",
    "z" : "de7ba7eb.00d1c",
    "name" : "",
    "port" : "",
    "x" : 732.6067504882812,
    "y" : 50.84999084472656,
    "wires" : [ ]
  }, {
    "id" : "38328869.e49aa4",
    "type" : "switch",
    "z" : "de7ba7eb.00d1c",
    "name" : "",
    "property" : "payload.event",
    "propertyType" : "msg",
    "rules" : [ {
      "t" : "eq",
      "v" : "fireTriggered",
      "vt" : "str"
    }, {
      "t" : "eq",
      "v" : "sosTriggered",
      "vt" : "str"
    }, {
      "t" : "eq",
      "v" : "trespassingTriggered",
      "vt" : "str"
    } ],
    "checkall" : "true",
    "repair" : false,
    "outputs" : 3,
    "x" : 341.77996826171875,
    "y" : 140.00001525878906,
    "wires" : [ [ "1203e778.8136c5", "a0300f50.60a49" ], [ "ff5ed6eb.fc9528" ], [ "88893ec7.f9ec3" ] ]
  }, {
    "id" : "1203e778.8136c5",
    "type" : "function",
    "z" : "de7ba7eb.00d1c",
    "name" : "fireTriggered",
    "func" : "//return {payload : \"{}\"} /* empty TCP response */;\nmsg.payload = '{}';\nreturn msg;",
    "outputs" : 1,
    "noerr" : 2,
    "x" : 509.37872314453125,
    "y" : 84.68569946289062,
    "wires" : [ [ "bee4dd0d.c07dd", "a0300f50.60a49" ] ]
  }, {
    "id" : "a0300f50.60a49",
    "type" : "exec",
    "z" : "de7ba7eb.00d1c",
    "command" : "curl -v -X POST -d \"{\\\"enabled\\\": true}\" https://thingsboard.cloud/api/v1/b8lEDVIoxhMKrAJ8GP8f/telemetry --header \"Content-Type:application/json\"",
    "addpay" : true,
    "append" : "",
    "useSpawn" : "false",
    "timer" : "10",
    "oldrc" : false,
    "name" : "UpdateDashboardFire",
    "x" : 752.8900756835938,
    "y" : 137.33998107910156,
    "wires" : [ [ ], [ ], [ ] ]
  }, {
    "id" : "c78f26be.c28898",
    "type" : "exec",
    "z" : "de7ba7eb.00d1c",
    "command" : "curl -v -X POST -d \"{\\\"enabled\\\": false}\" https://thingsboard.cloud/api/v1/b8lEDVIoxhMKrAJ8GP8f/telemetry --header \"Content-Type:application/json\"",
    "addpay" : true,
    "append" : "",
    "useSpawn" : "false",
    "timer" : "10",
    "oldrc" : false,
    "name" : "ResetFireAlarm",
    "x" : 400,
    "y" : 660,
    "wires" : [ [ ], [ ], [ ] ]
  }, {
    "id" : "96c860a.f10b8a",
    "type" : "inject",
    "z" : "de7ba7eb.00d1c",
    "name" : "",
    "topic" : "",
    "payload" : "Reset",
    "payloadType" : "str",
    "repeat" : "",
    "crontab" : "",
    "once" : false,
    "onceDelay" : 0.1,
    "x" : 70,
    "y" : 700,
    "wires" : [ [ "c78f26be.c28898", "b771b670.761498" ] ]
  }, {
    "id" : "ff5ed6eb.fc9528",
    "type" : "function",
    "z" : "de7ba7eb.00d1c",
    "name" : "sosTriggered",
    "func" : "\nreturn msg;",
    "outputs" : 1,
    "noerr" : 2,
    "x" : 516.8298950195312,
    "y" : 227.63003540039062,
    "wires" : [ [ "bee4dd0d.c07dd", "f4fa7cdf.8513f" ] ]
  }, {
    "id" : "1c3b1efc.e536d5",
    "type" : "exec",
    "z" : "de7ba7eb.00d1c",
    "command" : "curl -v -X POST -d \"{\\\"triggered\\\": true}\" https://thingsboard.cloud/api/v1/jk1Iperz264sdOjHBoCs/telemetry --header \"Content-Type:application/json\"",
    "addpay" : true,
    "append" : "",
    "useSpawn" : "false",
    "timer" : "10",
    "oldrc" : false,
    "name" : "LockWindowI",
    "x" : 782.5999755859375,
    "y" : 322.9400329589844,
    "wires" : [ [ ], [ ], [ ] ]
  }, {
    "id" : "b771b670.761498",
    "type" : "exec",
    "z" : "de7ba7eb.00d1c",
    "command" : "curl -v -X POST -d \"{\\\"triggered\\\": false}\" https://thingsboard.cloud/api/v1/jk1Iperz264sdOjHBoCs/telemetry --header \"Content-Type:application/json\"",
    "addpay" : true,
    "append" : "",
    "useSpawn" : "false",
    "timer" : "10",
    "oldrc" : false,
    "name" : "ResetWindow I",
    "x" : 400,
    "y" : 740,
    "wires" : [ [ ], [ ], [ ] ]
  }, {
    "id" : "88893ec7.f9ec3",
    "type" : "function",
    "z" : "de7ba7eb.00d1c",
    "name" : "trespassingTriggered",
    "func" : "\nreturn msg;",
    "outputs" : 1,
    "noerr" : 2,
    "x" : 529.919921875,
    "y" : 343.7599792480469,
    "wires" : [ [ "1c3b1efc.e536d5" ] ]
  }, {
    "id" : "f4fa7cdf.8513f",
    "type" : "exec",
    "z" : "de7ba7eb.00d1c",
    "command" : "",
    "addpay" : true,
    "append" : "",
    "useSpawn" : "false",
    "timer" : "10",
    "oldrc" : false,
    "name" : "",
    "x" : 777.2199096679688,
    "y" : 233.83999633789062,
    "wires" : [ [ ], [ ], [ ] ]
  }, {
    "id" : "62fe3b35.f34268",
    "type" : "exec",
    "z" : "de7ba7eb.00d1c",
    "command" : "",
    "addpay" : true,
    "append" : "",
    "useSpawn" : "false",
    "timer" : "10",
    "oldrc" : false,
    "name" : "",
    "x" : 744.4400024414062,
    "y" : 429.77996826171875,
    "wires" : [ [ ], [ ], [ ] ]
  }, {
    "id" : "821e14e5.031d58",
    "type" : "exec",
    "z" : "de7ba7eb.00d1c",
    "command" : "curl -v -X POST -d \"{\\\"enabled\\\": true}\" https://thingsboard.cloud/api/v1/b8lEDVIoxhMKrAJ8GP8f/telemetry --header \"Content-Type:application/json\"",
    "addpay" : true,
    "append" : "",
    "useSpawn" : "false",
    "timer" : "10",
    "oldrc" : false,
    "name" : "StartFakeFire",
    "x" : 300,
    "y" : 560,
    "wires" : [ [ ], [ ], [ ] ]
  }, {
    "id" : "869b11bb.379ae8",
    "type" : "inject",
    "z" : "de7ba7eb.00d1c",
    "name" : "",
    "topic" : "",
    "payload" : "",
    "payloadType" : "date",
    "repeat" : "",
    "crontab" : "",
    "once" : false,
    "onceDelay" : 0.1,
    "x" : 102.00006103515625,
    "y" : 491.29000091552734,
    "wires" : [ [ "821e14e5.031d58" ] ]
  }, {
    "id" : "ffae043a.e439c8",
    "type" : "debug",
    "z" : "de7ba7eb.00d1c",
    "name" : "",
    "active" : true,
    "tosidebar" : true,
    "console" : true,
    "tostatus" : false,
    "complete" : "payload",
    "targetType" : "msg",
    "x" : 330,
    "y" : 60,
    "wires" : [ ]
  } ]
}