{
  "id" : "1a0e4f82.267d98",
  "label" : "To RTist",
  "info" : "",
  "nodes" : [ {
    "id" : "ca48b84d.30a0a8",
    "type" : "rt send or invoke",
    "z" : "1a0e4f82.267d98",
    "name" : "",
    "outputs" : 1,
    "hasOut" : true,
    "commandSelect" : "send",
    "host" : "localhost",
    "port" : "99119",
    "rport" : "alarmControl",
    "portIndex" : "",
    "data" : "",
    "priority" : "General",
    "incoming" : 0,
    "event" : "",
    "x" : 620.8800659179688,
    "y" : 205.49017333984375,
    "wires" : [ [ ] ]
  }, {
    "id" : "ae835949.6af3d",
    "type" : "switch",
    "z" : "1a0e4f82.267d98",
    "name" : "Validate RTist Request",
    "property" : "payload",
    "propertyType" : "msg",
    "rules" : [ {
      "t" : "cont",
      "v" : "ok",
      "vt" : "str"
    }, {
      "t" : "else"
    } ],
    "checkall" : "true",
    "repair" : false,
    "outputs" : 2,
    "x" : 505.93360900878906,
    "y" : 353.2096252441406,
    "wires" : [ [ "33413796.557428" ], [ "b4a3a73b.0cb7c8", "847ecf6a.811ce" ] ]
  }, {
    "id" : "b4a3a73b.0cb7c8",
    "type" : "function",
    "z" : "1a0e4f82.267d98",
    "name" : "Invalid State Change",
    "func" : "var d = Date(Date.now());\na = d.toString();\nmsg.payload = \"Invalid state change requested: \" + a;\nreturn msg;",
    "outputs" : 1,
    "noerr" : 2,
    "x" : 778.3144073486328,
    "y" : 472.48583984375,
    "wires" : [ [ "237f2ac6.9cc14e", "33413796.557428" ] ]
  }, {
    "id" : "33413796.557428",
    "type" : "http response",
    "z" : "1a0e4f82.267d98",
    "name" : "HTTPResponse",
    "statusCode" : "",
    "headers" : { },
    "x" : 958.1845245361328,
    "y" : 347.343017578125,
    "wires" : [ ]
  }, {
    "id" : "237f2ac6.9cc14e",
    "type" : "twitter out",
    "z" : "1a0e4f82.267d98",
    "twitter" : "",
    "name" : "Tweet",
    "x" : 989.3847198486328,
    "y" : 472.943359375,
    "wires" : [ ]
  }, {
    "id" : "847ecf6a.811ce",
    "type" : "debug",
    "z" : "1a0e4f82.267d98",
    "name" : "LogError",
    "active" : true,
    "tosidebar" : true,
    "console" : false,
    "tostatus" : false,
    "complete" : "payload",
    "targetType" : "msg",
    "x" : 740.3714752197266,
    "y" : 411.0001525878906,
    "wires" : [ ]
  }, {
    "id" : "653b2b6.38941d4",
    "type" : "inject",
    "z" : "1a0e4f82.267d98",
    "name" : "Pause",
    "topic" : "",
    "payload" : "{\"event\" : \"deactivateLight\"}",
    "payloadType" : "str",
    "repeat" : "",
    "crontab" : "",
    "once" : false,
    "onceDelay" : 0.1,
    "x" : 430,
    "y" : 60,
    "wires" : [ [ "ca48b84d.30a0a8" ] ]
  }, {
    "id" : "2f1c90be.3f4494",
    "type" : "inject",
    "z" : "1a0e4f82.267d98",
    "name" : "Fire",
    "topic" : "",
    "payload" : "{\"event\" : \"fire\"}",
    "payloadType" : "str",
    "repeat" : "",
    "crontab" : "",
    "once" : false,
    "onceDelay" : 0.1,
    "x" : 110,
    "y" : 140,
    "wires" : [ [ "42a8a06d.1f96f8" ] ]
  }, {
    "id" : "42a8a06d.1f96f8",
    "type" : "function",
    "z" : "1a0e4f82.267d98",
    "name" : "EventFire",
    "func" : "msg.payload = \"{\\\"event\\\" : \\\"fire\\\"}\";\nreturn msg;",
    "outputs" : 1,
    "noerr" : 2,
    "x" : 310.9999694824219,
    "y" : 150.4801025390625,
    "wires" : [ [ "ca48b84d.30a0a8" ] ]
  }, {
    "id" : "a2adc3c8.fc33b",
    "type" : "function",
    "z" : "1a0e4f82.267d98",
    "name" : "EventSOS",
    "func" : "msg.payload = \"{\\\"event\\\" : \\\"sos\\\"}\";\nreturn msg;",
    "outputs" : 1,
    "noerr" : 2,
    "x" : 325.38995361328125,
    "y" : 237.19998168945312,
    "wires" : [ [ "ca48b84d.30a0a8" ] ]
  }, {
    "id" : "f7d54220.4c41a",
    "type" : "inject",
    "z" : "1a0e4f82.267d98",
    "name" : "",
    "topic" : "",
    "payload" : "SOS",
    "payloadType" : "str",
    "repeat" : "",
    "crontab" : "",
    "once" : false,
    "onceDelay" : 0.1,
    "x" : 105.3800048828125,
    "y" : 223.43997192382812,
    "wires" : [ [ "a2adc3c8.fc33b" ] ]
  }, {
    "id" : "9428d5c0.19f558",
    "type" : "function",
    "z" : "1a0e4f82.267d98",
    "name" : "EventTrespassing",
    "func" : "msg.payload = \"{\\\"event\\\" : \\\"trespassing\\\"}\";\nreturn msg;",
    "outputs" : 1,
    "noerr" : 2,
    "x" : 343.1099853515625,
    "y" : 300.5,
    "wires" : [ [ "ca48b84d.30a0a8" ] ]
  }, {
    "id" : "7acba476.3bc9e4",
    "type" : "inject",
    "z" : "1a0e4f82.267d98",
    "name" : "",
    "topic" : "",
    "payload" : "Trespassing",
    "payloadType" : "str",
    "repeat" : "",
    "crontab" : "",
    "once" : false,
    "onceDelay" : 0.1,
    "x" : 120,
    "y" : 300.5,
    "wires" : [ [ "9428d5c0.19f558" ] ]
  } ]
}