[{"id":"d526efc8.b833b","type":"tab","label":"CheckState Manually","info":""},{"id":"7530265f.9f9c8c","type":"tab","label":"Fake Pi","info":""},{"id":"a599859.5d54538","type":"tab","label":"From RTist","info":""},{"id":"9c8f7595.51ba58","type":"tab","label":"To RTist","info":""},{"id":"e22d276b.599488","type":"swagger-doc","z":"","summary":"","description":"","tags":"","consumes":"text/plain","produces":"text/plain","parameters":[{"name":"input","in":"body","required":false,"schema":{"type":"object"}}],"responses":{},"deprecated":false},{"id":"e22d1292.41dea","type":"swagger-doc","z":"","summary":"","description":"","tags":"","consumes":"text/plain","produces":"text/plain","parameters":[{"name":"input","in":"body","required":false,"schema":{"type":"object"}}],"responses":{},"deprecated":false},{"id":"764ebf59.8460cc","type":"json","z":"a599859.5d54538","name":"","property":"payload","action":"","pretty":false,"x":190.39999389648438,"y":132.1800079345703,"wires":[["9b36d3eb.1b1bd8"]]},{"id":"cb36e706.56cbe8","type":"rt receive","z":"a599859.5d54538","name":"","port":"9922","x":77.50997924804688,"y":72.62001037597656,"wires":[["764ebf59.8460cc"]]},{"id":"57cae8fb.0219c4","type":"rt reply","z":"a599859.5d54538","name":"","port":"","x":737.936767578125,"y":25.969985961914062,"wires":[]},{"id":"8ebfdcac.b4e8f","type":"rt send or invoke","z":"9c8f7595.51ba58","name":"","outputs":1,"hasOut":true,"commandSelect":"send","host":"localhost","port":"9911","rport":"alarmControl","portIndex":"","data":"","priority":"General","incoming":0,"event":"","x":671.56005859375,"y":296.14019775390625,"wires":[[]]},{"id":"a89e1fe1.9cacf","type":"inject","z":"9c8f7595.51ba58","name":"Pause","topic":"","payload":"{\"event\" : \"deactivateLight\"}","payloadType":"str","repeat":"","crontab":"","once":false,"onceDelay":0.1,"x":570,"y":80,"wires":[["8ebfdcac.b4e8f"]]},{"id":"9b36d3eb.1b1bd8","type":"switch","z":"a599859.5d54538","name":"","property":"payload.event","propertyType":"msg","rules":[{"t":"eq","v":"fireTriggered","vt":"str"},{"t":"eq","v":"sosTriggered","vt":"str"},{"t":"eq","v":"trespassingTriggered","vt":"str"}],"checkall":"true","repair":false,"outputs":3,"x":335.55999755859375,"y":126.66001892089844,"wires":[["ace64c80.8e76e"],["df45b59a.2e0e6"],["a6fc171d.2727a"]]},{"id":"ace64c80.8e76e","type":"function","z":"a599859.5d54538","name":"fireTriggered","func":"//return {payload : \"{}\"} /* empty TCP response */;\nmsg.payload = '{}';\nreturn msg;","outputs":1,"noerr":2,"x":509.37872314453125,"y":84.68569946289062,"wires":[["57cae8fb.0219c4","8431f0b0.76889"]]},{"id":"11e053e1.adf308","type":"inject","z":"9c8f7595.51ba58","name":"Fire","topic":"","payload":"{\"event\" : \"fire\"}","payloadType":"str","repeat":"","crontab":"","once":false,"onceDelay":0.1,"x":110,"y":240,"wires":[["68a9c4cc.64266"]]},{"id":"68a9c4cc.64266","type":"function","z":"9c8f7595.51ba58","name":"EventFire","func":"//node.log(msg.payload);\nmsg.payload.event = \"fire\";\n//temp = Number(msg.payload.data)\nreturn msg\n\n//msg.payload.data = \"int 12\";\n//return msg;","outputs":1,"noerr":2,"x":400,"y":200,"wires":[["8ebfdcac.b4e8f","217094dd.ae9438"]]},{"id":"23a292bb.bc137e","type":"exec","z":"9c8f7595.51ba58","command":"curl -v -X POST -d \"{\\\"enabled\\\": true}\" https://thingsboard.cloud/api/v1/b8lEDVIoxhMKrAJ8GP8f/telemetry --header \"Content-Type:application/json\"","addpay":true,"append":"","useSpawn":"false","timer":"10","oldrc":false,"name":"StartFakeFire","x":952.3799438476562,"y":155.26998901367188,"wires":[[],[],[]]},{"id":"79b10bf2.8ce6f","type":"inject","z":"9c8f7595.51ba58","name":"Button","topic":"","payload":"","payloadType":"date","repeat":"","crontab":"","once":false,"onceDelay":0.1,"x":754.3800048828125,"y":86.55998992919922,"wires":[["23a292bb.bc137e"]]},{"id":"8431f0b0.76889","type":"exec","z":"a599859.5d54538","command":"curl -v -X POST -d \"{\\\"enabled\\\": true}\" https://thingsboard.cloud/api/v1/b8lEDVIoxhMKrAJ8GP8f/telemetry --header \"Content-Type:application/json\"","addpay":true,"append":"","useSpawn":"false","timer":"10","oldrc":false,"name":"UpdateDashboardFire","x":752.8900756835938,"y":137.33998107910156,"wires":[[],[],[]]},{"id":"19cfc22f.cdd7fa","type":"exec","z":"a599859.5d54538","command":"curl -v -X POST -d \"{\\\"enabled\\\": false}\" https://thingsboard.cloud/api/v1/b8lEDVIoxhMKrAJ8GP8f/telemetry --header \"Content-Type:application/json\"","addpay":true,"append":"","useSpawn":"false","timer":"10","oldrc":false,"name":"StartFakeFire","x":272.4599609375,"y":234.67996215820312,"wires":[[],[],[]]},{"id":"86cb24b1.864368","type":"inject","z":"a599859.5d54538","name":"","topic":"","payload":"Reset","payloadType":"str","repeat":"","crontab":"","once":false,"onceDelay":0.1,"x":90,"y":220,"wires":[["19cfc22f.cdd7fa","43894d8.c152eb4","ec4324d1.7f133","52c5b107.85e5f","f1a31b61.eb09a8","c8d67e51.8d1d58","a59db0b4.1f6b6","670daf5d.362a5c"]]},{"id":"54b759c3.79b5d8","type":"function","z":"9c8f7595.51ba58","name":"EventSOS","func":"msg.payload = \"{\\\"event\\\" : \\\"sos\\\"}\";\nreturn msg;","outputs":1,"noerr":2,"x":312.0599670410156,"y":356.30999755859375,"wires":[["8ebfdcac.b4e8f"]]},{"id":"92305442.442c58","type":"inject","z":"9c8f7595.51ba58","name":"","topic":"","payload":"SOS","payloadType":"str","repeat":"","crontab":"","once":false,"onceDelay":0.1,"x":113.3800048828125,"y":311.43994140625,"wires":[["54b759c3.79b5d8"]]},{"id":"df45b59a.2e0e6","type":"function","z":"a599859.5d54538","name":"sosTriggered","func":"\nreturn msg;","outputs":1,"noerr":2,"x":516.8298950195312,"y":227.63003540039062,"wires":[["57cae8fb.0219c4","6d611635.ae3954"]]},{"id":"7f9fc2e0.54eee4","type":"exec","z":"a599859.5d54538","command":"curl -v -X POST -d \"{\\\"locked\\\": true}\" https://thingsboard.cloud/api/v1/jk1Iperz264sdOjHBoCs/telemetry --header \"Content-Type:application/json\"","addpay":true,"append":"","useSpawn":"false","timer":"10","oldrc":false,"name":"LockWindow1","x":788.14990234375,"y":375.38002014160156,"wires":[[],[],[]]},{"id":"a6fc171d.2727a","type":"function","z":"a599859.5d54538","name":"trespassingTriggered","func":"\nreturn msg;","outputs":1,"noerr":2,"x":517.4799194335938,"y":316.21002197265625,"wires":[["57cae8fb.0219c4","7f9fc2e0.54eee4","c42cfdc6.4283d","d519a0d9.c79b68","cd09c9e1.b48228","a7bc2ce5.82b4","71d0b924.bf633c"]]},{"id":"6d611635.ae3954","type":"exec","z":"a599859.5d54538","command":"curl -v -X POST -d \"{\\\"enabled\\\": true}\" https://thingsboard.cloud/api/v1/ZDD6VoWTvbJQhlu5fOYk/telemetry --header \"Content-Type:application/json\"","addpay":true,"append":"","useSpawn":"false","timer":"10","oldrc":false,"name":"SOS","x":770,"y":220,"wires":[[],[],[]]},{"id":"c42cfdc6.4283d","type":"exec","z":"a599859.5d54538","command":"curl -v -X POST -d \"{\\\"locked\\\": true}\" https://thingsboard.cloud/api/v1/3QofnzegyhWEKDr8Q81X/telemetry --header \"Content-Type:application/json\"","addpay":true,"append":"","useSpawn":"false","timer":"10","oldrc":false,"name":"LockWindow2","x":799.3199462890625,"y":429.7699737548828,"wires":[[],[],[]]},{"id":"bd27a1e.8bc582","type":"function","z":"9c8f7595.51ba58","name":"EventTrespassing","func":"msg.payload = \"{\\\"event\\\" : \\\"trespassing\\\"}\";\nreturn msg;","outputs":1,"noerr":2,"x":345.7699279785156,"y":428.5,"wires":[["8ebfdcac.b4e8f"]]},{"id":"4135dce6.9d5124","type":"inject","z":"9c8f7595.51ba58","name":"","topic":"","payload":"Trespassing","payloadType":"str","repeat":"","crontab":"","once":false,"onceDelay":0.1,"x":130,"y":400,"wires":[["bd27a1e.8bc582"]]},{"id":"1aaf2237.31179e","type":"http response","z":"9c8f7595.51ba58","name":"","statusCode":"","headers":{},"x":430,"y":100,"wires":[]},{"id":"ff03cc05.2dcfd","type":"http in","z":"9c8f7595.51ba58","name":"","url":"/temp","method":"post","upload":false,"swaggerDoc":"","x":110,"y":60,"wires":[["1aaf2237.31179e","bef7c417.763f78","afdcf091.6533a8"]]},{"id":"afdcf091.6533a8","type":"debug","z":"9c8f7595.51ba58","name":"","active":true,"tosidebar":true,"console":true,"tostatus":false,"complete":"payload","targetType":"msg","x":380,"y":20,"wires":[]},{"id":"217094dd.ae9438","type":"debug","z":"9c8f7595.51ba58","name":"","active":false,"tosidebar":true,"console":true,"tostatus":false,"complete":"payload","targetType":"msg","x":524.8799438476562,"y":142.6799774169922,"wires":[]},{"id":"1a7455d.bf5a4ea","type":"switch","z":"9c8f7595.51ba58","name":"","property":"payload.data","propertyType":"msg","rules":[{"t":"gt","v":"70","vt":"num"},{"t":"lte","v":"70","vt":"num"}],"checkall":"true","repair":false,"outputs":2,"x":231.0700225830078,"y":186.76995849609375,"wires":[["68a9c4cc.64266"],["18293958.bae913"]]},{"id":"bef7c417.763f78","type":"function","z":"9c8f7595.51ba58","name":"String2num","func":"//node.log(msg.payload);\n\nmsg.payload.data = parseInt(msg.payload.data, 10)\nreturn msg\n//msg.payload.data = \"int 12\";\n//return msg;","outputs":1,"noerr":2,"x":116.22994995117188,"y":144.44000244140625,"wires":[["1a7455d.bf5a4ea"]]},{"id":"18293958.bae913","type":"exec","z":"9c8f7595.51ba58","command":"curl -v -X POST -d \"{\\\"enabled\\\": false}\" https://thingsboard.cloud/api/v1/b8lEDVIoxhMKrAJ8GP8f/telemetry --header \"Content-Type:application/json\"","addpay":true,"append":"","useSpawn":"false","timer":"10","oldrc":false,"name":"StartFakeFire","x":398.6499938964844,"y":270.52996826171875,"wires":[[],[],[]]},{"id":"d519a0d9.c79b68","type":"exec","z":"a599859.5d54538","command":"curl -v -X POST -d \"{\\\"locked\\\": true}\" https://thingsboard.cloud/api/v1/9dJsCzVqmIMSP0ez1bTz/telemetry --header \"Content-Type:application/json\"","addpay":true,"append":"","useSpawn":"false","timer":"10","oldrc":false,"name":"LockWindow3","x":799.4400024414062,"y":501.9699401855469,"wires":[[],[],[]]},{"id":"cd09c9e1.b48228","type":"exec","z":"a599859.5d54538","command":"curl -v -X POST -d \"{\\\"locked\\\": true}\" https://thingsboard.cloud/api/v1/V7yk0C6jxJbfTxiJeMIA/telemetry --header \"Content-Type:application/json\"","addpay":true,"append":"","useSpawn":"false","timer":"10","oldrc":false,"name":"LockWindow4","x":810.0999755859375,"y":573.2699890136719,"wires":[[],[],[]]},{"id":"a7bc2ce5.82b4","type":"exec","z":"a599859.5d54538","command":"curl -v -X POST -d \"{\\\"locked\\\": true}\" https://thingsboard.cloud/api/v1/JIlNRqKY32W1POwMmX7m/telemetry --header \"Content-Type:application/json\"","addpay":true,"append":"","useSpawn":"false","timer":"10","oldrc":false,"name":"LockWindow5","x":795.8800048828125,"y":639.5899658203125,"wires":[[],[],[]]},{"id":"71d0b924.bf633c","type":"exec","z":"a599859.5d54538","command":"curl -v -X POST -d \"{\\\"locked\\\": true}\" https://thingsboard.cloud/api/v1/ZkYfIRNvsj4VRqOj2rmz/telemetry --header \"Content-Type:application/json\"","addpay":true,"append":"","useSpawn":"false","timer":"10","oldrc":false,"name":"LockGate","x":780.2699584960938,"y":307.4400329589844,"wires":[[],[],[]]},{"id":"43894d8.c152eb4","type":"exec","z":"a599859.5d54538","command":"curl -v -X POST -d \"{\\\"locked\\\": false}\" https://thingsboard.cloud/api/v1/ZkYfIRNvsj4VRqOj2rmz/telemetry --header \"Content-Type:application/json\"","addpay":true,"append":"","useSpawn":"false","timer":"10","oldrc":false,"name":"LockGate","x":277.01007080078125,"y":330.5799865722656,"wires":[[],[],[]]},{"id":"ec4324d1.7f133","type":"exec","z":"a599859.5d54538","command":"curl -v -X POST -d \"{\\\"locked\\\": false}\" https://thingsboard.cloud/api/v1/jk1Iperz264sdOjHBoCs/telemetry --header \"Content-Type:application/json\"","addpay":true,"append":"","useSpawn":"false","timer":"10","oldrc":false,"name":"LockWindow1","x":80,"y":500,"wires":[[],[],[]]},{"id":"52c5b107.85e5f","type":"exec","z":"a599859.5d54538","command":"curl -v -X POST -d \"{\\\"locked\\\": false}\" https://thingsboard.cloud/api/v1/3QofnzegyhWEKDr8Q81X/telemetry --header \"Content-Type:application/json\"","addpay":true,"append":"","useSpawn":"false","timer":"10","oldrc":false,"name":"LockWindow2","x":267.13006591796875,"y":499.31996154785156,"wires":[[],[],[]]},{"id":"f1a31b61.eb09a8","type":"exec","z":"a599859.5d54538","command":"curl -v -X POST -d \"{\\\"locked\\\": false}\" https://thingsboard.cloud/api/v1/9dJsCzVqmIMSP0ez1bTz/telemetry --header \"Content-Type:application/json\"","addpay":true,"append":"","useSpawn":"false","timer":"10","oldrc":false,"name":"LockWindow3","x":80,"y":560,"wires":[[],[],[]]},{"id":"c8d67e51.8d1d58","type":"exec","z":"a599859.5d54538","command":"curl -v -X POST -d \"{\\\"locked\\\": false}\" https://thingsboard.cloud/api/v1/V7yk0C6jxJbfTxiJeMIA/telemetry --header \"Content-Type:application/json\"","addpay":true,"append":"","useSpawn":"false","timer":"10","oldrc":false,"name":"LockWindow4","x":260,"y":560,"wires":[[],[],[]]},{"id":"a59db0b4.1f6b6","type":"exec","z":"a599859.5d54538","command":"curl -v -X POST -d \"{\\\"locked\\\": false}\" https://thingsboard.cloud/api/v1/JIlNRqKY32W1POwMmX7m/telemetry --header \"Content-Type:application/json\"","addpay":true,"append":"","useSpawn":"false","timer":"10","oldrc":false,"name":"LockWindow5","x":160,"y":620,"wires":[[],[],[]]},{"id":"670daf5d.362a5c","type":"exec","z":"a599859.5d54538","command":"curl -v -X POST -d \"{\\\"enabled\\\": false}\" https://thingsboard.cloud/api/v1/ZDD6VoWTvbJQhlu5fOYk/telemetry --header \"Content-Type:application/json\"","addpay":true,"append":"","useSpawn":"false","timer":"10","oldrc":false,"name":"SOS","x":70,"y":400,"wires":[[],[],[]]},{"id":"64675615.e32a5","type":"http response","z":"9c8f7595.51ba58","name":"","statusCode":"","headers":{},"x":395,"y":536.5399780273438,"wires":[]},{"id":"13d5bd4e.1d417b","type":"http in","z":"9c8f7595.51ba58","name":"","url":"/trespassing","method":"get","upload":false,"swaggerDoc":"","x":85,"y":510.76995849609375,"wires":[["64675615.e32a5","bd27a1e.8bc582"]]}]